;Experiment #1;;;;Experiment #2;;;;Experiment #3;;;;Experiment #4;;;;Experiment #5;;;;Experiment #6;;;;Experiment #7;Ne pas utiliser, déjà perfusé par NH4Cl à t = 0;;;;;
;;;;;;;;;;;;;;;;;;;;;;;;;;;;;;;
;Time (s);pH Value 1;;;Time (s);pH Value 2;;;Time (s);pH Value 3;;;Time (s);pH Value 4;;;Time (s);pH Value (5);;;Time (s);pH Value 6;;;Time (s);pH Value (7);;;;;
;0;7,347851081;;;0;7,285428679;;;10;7,306166118;;;0;7,598462565;;;0;7,170781102;;;0;7,360243985;;;0;7,649598011;;;;;
;1;7,353881738;;;10;7,283964546;;;20;7,311006267;;;5;7,525478394;;;5;7,178085479;;;5;7,349614692;;;5;7,62759344;;;;;
;2;7,360763953;;;20;7,279978719;;;30;7,312411769;;;10;7,528213357;;;10;7,176210039;;;10;7,354863066;;;10;7,603049407;;;;;
;3;7,369358715;;;30;7,276111747;;;41,31;7,311551969;;;15;7,519891233;;;15;7,176035801;;;15;7,347543955;;;15;7,621497835;;;;;
;4;7,388026966;;;40;7,275060139;;;51,31;7,313532388;;;45;7,571890071;;;20;7,173462203;;;20;7,345394386;;;20;7,616913652;;;;;
;5;7,424020303;;;50;7,273515514;;;61,31;7,315041684;;;75;7,55064542;;;27,93;7,175835168;;;25;7,343126225;;;25;7,629383085;;;;;
;6;7,483879698;;;60;7,273879254;;;72,34;7,307759113;;;105;7,570019012;;;28,93;7,165750827;;;30;7,34064433;;;40;7,62759344;;;;;
;7;7,562003554;;;70;7,269743155;;;73,34;7,306870896;;;113,48;7,531091506;;;29,93;7,169544401;;;35;7,342392328;;;55;7,603049407;;;;;
;8;7,631165472;;;78,53;7,27274511;;;74,34;7,306538353;;;114,73;7,44991593;;;30,93;7,163786943;;;40;7,337360511;;;70;7,621497835;;;;;
;9;7,734816741;;;83,53;7,272857408;;;75,34;7,303412022;;;115,97;7,453174936;;;31,93;7,165596599;;;45;7,332961172;;;85;7,616913652;;;;;
;10;7,81750066;;;88,53;7,271655551;;;76,34;7,304972513;;;117,21;7,454694406;;;32,93;7,168793064;;;50;7,334926686;;;100;7,629383085;;;;;
;11;LOADING;;;93,53;LOADING;;;77,34;LOADING;;;119,21;LOADING;;;34,2;LOADING;;;53,23;LOADING;;;113,51;LOADING;;;;;
;12;7,955044351;;;98,53;7,366623227;;;77,98;7,307563358;;;119,21;7,456562405;;;34,2;7,168686332;;;55;7,402808778;;;115;7,658760761;;;;;
;13;7,941218135;;;102,32;;;;78,34;7,307345507;;;119,7;7,452251444;;;34,93;7,144894915;;;60;7,320424859;;;130;7,629397347;;;;;
;14;;;;103,53;7,354078094;;;79,34;7,302068067;;;120,95;7,475783806;;;35,93;7,195820561;;;65;7,47087908;;;145;7,603352492;;;;;
;15;7,921926059;;;108,93;7,325073157;;;80,34;7,308959148;;;122,19;7,832196003;;;36,93;7,212782605;;;70;7,405139336;;;150,15;7,553984191;;;;;
;16;8,031306699;;;113,93;7,337554994;;;81,34;7,308691594;;;123,43;7,832196003;;;37,93;7,205365614;;;75;7,855594725;;;155,15;7,551663511;;;;;
;17;;;;118,93;7,357158424;;;82,34;7,322335379;;;124,67;8,137982022;;;38,93;7,191790596;;;80;7,863530472;;;160,15;7,591238721;;;;;
;18;7,99970071;;;123,93;7,303858211;;;83,34;7,377778236;;;125,91;8,350878412;;;39,93;7,191543777;;;85;7,83677132;;;165,15;7,654939684;;;;;
;19;8,083318165;;;128,93;7,172936738;;;84,34;7,429568783;;;127,15;8,137982022;;;40,93;7,192003356;;;90;8,175760654;;;170,15;7,603216236;;;;;
;20;8,057963806;;;133,93;7,179696834;;;85,34;7,456085281;;;128,39;7,966874344;;;41,93;7,21724327;;;95;8,595986482;;;175,15;7,614056229;;;;;
;21;8,014239832;;;138,93;7,170369616;;;86,34;7,477882515;;;129,65;7,886500202;;;42,93;7,26118491;;;100;;;;180,15;7,616175405;;;;;
;22;7,977222603;;;143,93;7,170525901;;;87,34;7,522905606;;;130,89;7,78627807;;;43,93;7,313838822;;;105;8,319915658;;;185,15;7,609145743;;;;;
;23;7,977514028;;;148,93;7,171535558;;;88,34;7,591782992;;;132,13;7,684159884;;;44,93;7,367642923;;;110;8,467482297;;;190,15;7,610674033;;;;;
;24;;;;153,93;7,163913871;;;89,34;7,69283226;;;133,37;7,649729709;;;45,93;7,428993689;;;115;8,488740511;;;195,15;7,631684129;;;;;
;25;;;;158,93;7,120575626;;;90,34;7,772337173;;;134,61;7,617587139;;;46,93;7,477620566;;;120;;;;200,15;7,593809647;;;;;
;26;;;;163,93;7,144734361;;;91,34;7,772337173;;;135,85;7,594830589;;;47,93;7,510719165;;;125;8,37924075;;;205,15;7,591823332;;;;;
;27;;;;168,93;7,221164464;;;92,34;7,850708754;;;137,09;7,671174701;;;48,93;7,549017863;;;130;8,309236523;;;210,15;7,625625124;;;;;
;28;8,027658312;;;173,93;7,272939952;;;93,34;7,843495345;;;138,34;7,637801437;;;49,93;7,5677979;;;135;8,369545122;;;215,15;7,594563228;;;;;
;29;8,024238395;;;178,93;7,305804194;;;94,34;7,863367248;;;139,58;7,610224561;;;50,93;7,589600313;;;165;;;;220,15;7,584954966;;;;;
;30;8,057618079;;;183,93;7,358087468;;;95,34;7,912546115;;;140,82;7,577846825;;;51,93;7,615239154;;;195;8,425620951;;;225,15;7,600940558;;;;;
;31;;;;188,93;7,452389437;;;96,34;7,852682632;;;142,06;7,578090524;;;52,93;7,625521715;;;225;8,206307701;;;230,15;7,623898337;;;;;
;32;8,003348062;;;193,93;7,497642773;;;97,34;7,866127839;;;143,3;7,57143886;;;53,93;7,64982533;;;255;7,794676209;;;235,15;7,558496546;;;;;
;33,78;7,941844277;;;198,93;7,58526365;;;98,34;7,81551459;;;144,54;7,576773868;;;54,93;7,657104474;;;285;8,34719603;;;240,15;7,594923681;;;;;
;34,78;;;;203,93;7,710467172;;;99,34;7,876254249;;;145,78;7,582476459;;;55,93;7,676487522;;;315;;;;245,15;7,57795166;;;;;
;35,78;;;;208,93;7,661215446;;;100,34;7,870271842;;;147,03;7,56435088;;;56,93;7,697877055;;;345;8,598952239;;;250,15;7,590068442;;;;;
;36,78;7,928592015;;;213,93;7,630735572;;;101,34;7,936399858;;;150,63;7,574459604;;;57,93;7,707887626;;;375;;;;255,15;7,556968895;;;;;
;37,78;7,902758465;;;218,93;7,693041978;;;102,34;7,936399858;;;151,85;7,576909907;;;58,93;7,688249143;;;405;8,281406828;;;260,15;7,598650309;;;;;
;38,78;7,953261895;;;223,93;7,667124022;;;103,34;7,996894109;;;153,08;7,581198567;;;59,93;7,67668735;;;435;8,244353099;;;265,15;7,599592412;;;;;
;39,78;7,910645741;;;228,93;7,695619269;;;104,34;7,936399858;;;154,3;7,575057698;;;60,93;7,672961659;;;465;8,12940169;;;270,15;7,576635044;;;;;
;40,78;7,954347961;;;233,93;7,714049356;;;105,34;7,936399858;;;155,53;7,580864318;;;61,93;7,652164563;;;495;8,147096275;;;275,15;7,607889288;;;;;
;41,78;7,92760919;;;238,93;7,673209247;;;106,34;7,926731725;;;156,75;7,584889073;;;62,93;7,632910903;;;525;8,084067235;;;280,15;7,596657519;;;;;
;42,78;7,904392507;;;243,93;7,697178344;;;107,34;7,926731725;;;157,98;7,580721913;;;63,93;7,634822563;;;555;8,059510535;;;285,15;7,578151763;;;;;
;43,78;7,893938045;;;248,93;7,694490063;;;108,34;7,979428756;;;159,2;7,584075659;;;64,93;7,616003404;;;585;8,062231844;;;290,15;7,585358568;;;;;
;44,78;7,912845584;;;253,93;7,688066423;;;109,34;7,92879638;;;160,43;7,581275729;;;65,93;7,609603298;;;615;8,002319581;;;295,15;7,577968096;;;;;
;45,78;7,862714368;;;258,93;7,713410186;;;110,34;7,922127634;;;161,67;7,577315383;;;66,93;7,601347722;;;645;8,038719395;;;300,15;7,580965207;;;;;
;46,78;7,869796327;;;263,93;7,715373445;;;111,34;7,922127634;;;162,89;7,577208039;;;67,93;7,611128625;;;675;8,027352071;;;305,15;7,617731652;;;;;
;47,78;7,848791411;;;268,93;7,708480693;;;112,34;7,92147199;;;164,12;7,575671494;;;68,93;7,627743281;;;705;7,989465463;;;310,15;7,582501359;;;;;
;48,78;7,863272614;;;273,93;7,770635079;;;113,34;7,933190773;;;165,35;7,577501662;;;69,93;7,645746233;;;735;;;;315,15;7,535089311;;;;;
;49,78;7,849229357;;;293,93;7,727611901;;;114,34;7,843230617;;;166,9;7,581400223;;;70,93;7,647610016;;;765;7,986973712;;;320,15;7,602503051;;;;;
;50,78;7,814452811;;;313,93;7,826779041;;;115,34;7,890089705;;;168,13;7,571193766;;;71,93;7,681328761;;;795;7,996467055;;;325,15;7,559016665;;;;;
;51,78;7,858491815;;;333,93;7,951583771;;;116,34;7,998862568;;;169,37;7,572842485;;;72,93;7,686733493;;;825;7,988922713;;;330,15;7,573363555;;;;;
;52,78;7,824071627;;;353,93;7,951583771;;;121,34;7,843744496;;;170,6;7,573711617;;;73,93;7,695650557;;;855;7,855594725;;;335,15;7,552508836;;;;;
;53,78;7,790885314;;;413,93;7,820028537;;;126,34;7,785732298;;;171,84;7,583763385;;;74,93;7,699275533;;;885;7,932070688;;;340,15;7,587652427;;;;;
;54,78;7,792948772;;;473,93;7,909602369;;;131,34;7,766025271;;;173,07;7,591648047;;;75,93;7,703989101;;;915;7,924647524;;;345,15;7,59785749;;;;;
;55,78;7,801466373;;;533,93;7,873574287;;;136,34;7,771270247;;;174,31;7,576033076;;;76,93;7,714236294;;;945;7,986304675;;;350,15;7,564403917;;;;;
;56,78;7,800244023;;;593,93;7,736714342;;;141,34;7,761076621;;;175,54;7,569760792;;;77,93;7,72710957;;;975;7,897367844;;;355,15;7,570913506;;;;;
;57,78;7,793108715;;;653,93;7,790978946;;;146,34;7,761163105;;;176,77;7,582683079;;;78,93;7,735154903;;;1005;7,910309268;;;360,15;7,556570565;;;;;
;58,78;7,768028832;;;713,93;7,790978946;;;151,34;7,775300726;;;178;7,573489358;;;79,93;7,739150077;;;1035;7,913691205;;;365,15;7,578108207;;;;;
;59,78;7,772016396;;;773,93;7,668498739;;;156,34;7,750053499;;;179,23;7,56840837;;;80,93;7,754417548;;;1065;7,882029082;;;370,15;7,547204259;;;;;
;60,78;7,756293332;;;833,93;7,666712759;;;161,34;7,711898216;;;180,46;7,565570114;;;81,93;7,75244823;;;1095;7,900042048;;;375,15;#DIV/0!;;;;;
;61,78;7,75378716;;;893,93;7,632437644;;;166,34;7,730783257;;;181,69;7,56895841;;;82,93;7,750084038;;;1125;7,931263097;;;405,15;#DIV/0!;;;;;
;62,78;7,762581621;;;953,93;7,635578747;;;171,34;7,719209181;;;182,92;7,577462694;;;83,93;7,749099997;;;1155;7,877163293;;;431,73;7,868268561;;;;;
;63,78;7,763121874;;;1013,93;7,66851642;;;176,34;7,713362067;;;184,15;7,577369499;;;84,93;7,762820651;;;1185;7,879692672;;;441,73;7,713918686;;;;;
;64,78;7,739361683;;;1073,93;7,656673522;;;181,34;7,746972885;;;185,38;7,568217024;;;85,93;7,770135087;;;1215;7,859900452;;;471,73;7,640046827;;;;;
;65,78;7,727923357;;;1133,93;7,626872447;;;186,34;7,725434878;;;195,38;7,68016087;;;86,93;7,770427637;;;1245;7,876218004;;;501,73;7,616763782;;;;;
;66,78;7,724022929;;;1193,93;7,656013164;;;191,34;7,725994335;;;205,38;7,699378436;;;87,93;7,771778765;;;1275;7,83292724;;;531,73;7,574438542;;;;;
;67,78;7,731613574;;;1253,93;7,65710839;;;196,34;7,705491831;;;215,38;7,66900809;;;88,93;7,76131265;;;1305;7,848026581;;;561,73;7,554726538;;;;;
;68,78;7,733923217;;;1313,93;7,638666247;;;201,34;7,71680377;;;225,38;7,673871897;;;89,93;7,78308704;;;1335;7,840101003;;;591,73;7,53000426;;;;;
;69,78;7,725981977;;;1373,93;7,666915081;;;206,34;7,70521534;;;235,38;7,675582967;;;90,93;7,788651154;;;1365;7,844336802;;;621,73;7,519708778;;;;;
;70,78;7,71358118;;;1433,93;7,600127353;;;211,34;7,712564036;;;245,38;7,678408302;;;91,93;7,806840496;;;1395;7,819600948;;;651,73;7,530047775;;;;;
;71,78;7,702798888;;;1493,93;7,60258562;;;216,34;7,705980289;;;275,38;7,761631854;;;92,93;7,81480665;;;1425;7,807316982;;;681,73;7,525987458;;;;;
;72,78;7,69935554;;;1553,93;7,559692187;;;221,34;7,692665457;;;305,38;7,773458723;;;93,93;7,822259281;;;1455;7,784538871;;;711,73;7,520239681;;;;;
;73,78;7,69755028;;;1613,93;7,587113805;;;226,34;7,70868922;;;335,38;7,745646597;;;94,93;7,830228845;;;1485;7,790004305;;;741,73;7,490354398;;;;;
;74,78;7,699793705;;;1673,93;7,571466609;;;231,34;7,688417529;;;365,38;7,752302706;;;95,93;7,801256286;;;1515;7,75496455;;;771,73;7,49311697;;;;;
;75,78;7,691106314;;;1733,93;7,584469631;;;236,34;7,694186921;;;395,38;7,752302706;;;96,93;7,853456856;;;1545;7,771638716;;;801,73;7,501272366;;;;;
;76,78;7,685410619;;;1793,93;7,559969075;;;241,34;7,687385057;;;425,38;7,728714154;;;97,93;7,841003299;;;1575;7,809235012;;;831,73;7,495981213;;;;;
;77,78;7,686150262;;;1853,93;7,575376081;;;246,34;7,674327541;;;455,38;7,741078881;;;98,93;7,845171361;;;1605;7,743965931;;;861,73;7,494869342;;;;;
;78,78;7,680681074;;;1913,93;7,534739795;;;251,34;7,69023375;;;485,38;7,717021358;;;99,93;7,859074969;;;1635;7,758041005;;;891,73;7,491951564;;;;;
;79,78;7,671202378;;;1973,93;7,488934444;;;256,34;7,705492727;;;515,38;7,71092155;;;100,93;7,895210911;;;1665;7,72543177;;;921,73;7,483558479;;;;;
;80,78;7,666849967;;;2033,93;7,438823446;;;276,34;7,689088213;;;545,38;7,712768898;;;101,93;7,900574456;;;1695;7,723532654;;;951,73;7,488327;;;;;
;81,78;7,659272102;;;2093,93;7,412139815;;;296,34;7,687635994;;;575,38;7,713942142;;;102,93;7,901306019;;;1725;7,714901642;;;981,73;7,464080161;;;;;
;82,78;7,657548615;;;2153,93;7,409125025;;;316,34;7,66843803;;;605,38;7,703860509;;;103,93;7,947752481;;;1755;7,688644145;;;1011,73;7,481403225;;;;;
;83,78;7,656350224;;;2213,93;7,406780747;;;336,34;7,657535623;;;635,38;7,702324202;;;104,93;7,968102151;;;1785;7,679219804;;;1041,73;7,489119796;;;;;
;84,78;7,641759184;;;2273,93;7,40284892;;;356,34;7,64842461;;;665,38;7,678961001;;;105,93;8,023797929;;;1815;7,6656114;;;1071,73;7,468411872;;;;;
;85,78;7,644852986;;;2333,93;7,383700005;;;376,34;7,632834159;;;695,38;7,677060939;;;106,93;8,054799255;;;1845;7,633296329;;;1101,73;7,474649857;;;;;
;86,78;7,639751297;;;2393,93;7,360065406;;;396,34;7,625653685;;;725,38;7,686102729;;;107,93;8,080451598;;;1875;7,641624562;;;1131,73;7,476156513;;;;;
;87,78;7,646040415;;;2453,93;7,332292711;;;456,34;7,592854156;;;755,38;7,672943036;;;108,93;8,089552801;;;1905;7,623131256;;;1161,73;7,476684159;;;;;
;88,78;7,639607667;;;2513,93;7,316187071;;;516,34;7,569992287;;;785,38;7,660055829;;;109,93;8,050582406;;;1935;7,610588222;;;1191,73;7,470285923;;;;;
;89,78;7,638809626;;;2573,93;7,292424072;;;576,34;7,558192408;;;815,38;7,664003305;;;110,93;8,027832155;;;1965;7,932070688;;;1221,73;7,478380008;;;;;
;90,78;7,640812975;;;2633,93;7,284612153;;;636,34;7,5365958;;;845,38;7,651518223;;;111,93;8,009519127;;;1995;7,504917068;;;1251,73;7,468091608;;;;;
;91,78;7,637892626;;;2693,93;7,264030528;;;696,34;7,539146134;;;875,38;7,646697794;;;112,93;8,053302005;;;2025;7,483626877;;;1281,73;7,483275568;;;;;
;92,78;7,645209154;;;2739,26;7,268492398;;;756,34;7,53516766;;;905,38;7,653273234;;;113,93;7,941758698;;;2055;7,473463708;;;1311,73;7,463143698;;;;;
;93,78;7,638524498;;;2740,26;7,268020223;;;816,34;7,520513335;;;935,38;7,667209385;;;118,93;8,202112769;;;2085;7,467209;;;1341,73;7,4791938;;;;;
;94,78;7,635975015;;;2741,26;7,269397858;;;876,34;7,524161454;;;965,38;7,658040993;;;123,93;8,171314549;;;2115;7,449933281;;;1371,73;7,061944105;;;;;
;95,78;7,631637008;;;2742,26;7,268984506;;;936,34;7,511542106;;;995,38;7,643687087;;;128,93;8,142045888;;;2145;7,441393265;;;1401,73;6,937795358;;;;;
;96,78;7,623486436;;;2743,26;7,272302627;;;996,34;7,514231622;;;1025,38;7,637321912;;;133,93;8,218133704;;;2175;7,419039863;;;1431,73;6,82022323;;;;;
;97,78;7,623011947;;;2744,26;7,270725274;;;1056,34;7,50247159;;;1055,38;7,647506415;;;138,93;8,367314683;;;2205;7,428752729;;;1461,73;6,713109362;;;;;
;98,78;7,630645142;;;2745,26;7,262577435;;;1116,34;7,499180602;;;1085,38;7,625999691;;;143,93;8,2474104;;;2235;7,416430374;;;1491,73;6,760315138;;;;;
;99,78;7,620606426;;;2746,26;7,268274621;;;1176,34;7,501016623;;;1115,38;7,632695876;;;148,93;8,171845631;;;2265;7,411771524;;;1521,73;6,772229643;;;;;
;100,78;7,617064472;;;2747,26;7,270534189;;;1236,34;7,491547841;;;1145,38;7,631374303;;;153,93;8,209587355;;;2295;7,407665088;;;1551,73;6,726921925;;;;;
;101,78;7,621864932;;;2748,26;7,271081959;;;1296,34;7,48586179;;;1175,38;7,627657255;;;158,93;8,253062813;;;2325;7,39821555;;;1581,73;6,78376213;;;;;
;102,78;7,607148487;;;2749,26;;;;1356,34;7,475965652;;;1205,38;7,626272581;;;163,93;8,374421732;;;2355;7,397945911;;;1611,73;6,692823724;;;;;
;103,78;7,610933747;;;2750,26;;;;1416,34;7,471538938;;;1235,38;7,618600023;;;168,93;8,374421732;;;2385;7,39063638;;;1641,73;6,703965729;;;;;
;104,78;7,615042615;;;2751,53;7,269673599;;;1476,34;7,462479653;;;1265,38;7,615429713;;;173,93;8,428422765;;;2415;7,365953162;;;1671,73;6,706984491;;;;;
;105,78;7,612700008;;;2751,53;7,263752623;;;1536,34;7,464931602;;;1295,38;7,620450985;;;178,93;8,502515026;;;2445;7,346595756;;;1701,73;6,723778903;;;;;
;106,78;7,605930506;;;2752,26;7,263823738;;;1596,34;7,455629884;;;1325,38;7,614572851;;;183,93;8,429699505;;;2475;7,34795247;;;1731,73;6,687954669;;;;;
;107,78;7,606280805;;;2753,26;7,268981866;;;1656,34;7,445895311;;;1355,38;7,609984266;;;193,93;8,466553102;;;2505;7,335958821;;;1761,73;6,655969172;;;;;
;108,78;7,601341864;;;2754,26;7,267367881;;;1716,34;7,446020113;;;1385,38;7,601191014;;;203,93;8,490028848;;;2535;7,338442342;;;1779,31;6,650096229;;;;;
;109,78;7,602079864;;;2755,26;7,264594167;;;1776,34;7,443193782;;;1415,38;7,593103556;;;213,93;8,430261368;;;2565;7,325158547;;;1784,31;6,498614397;;;;;
;110,78;7,59801558;;;2756,26;7,264749017;;;1836,34;7,430008043;;;1445,38;7,588043219;;;223,93;8,477974707;;;2595;7,323993202;;;1789,31;#NUM!;;;;;
;111,78;7,596643343;;;2757,26;7,266160204;;;1896,34;7,425639133;;;1475,38;7,585502256;;;233,93;8,505074914;;;2625;7,298091908;;;1794,31;#NUM!;;;;;
;112,78;7,593019828;;;2758,26;7,26517754;;;1956,34;7,417820462;;;1505,38;7,585000321;;;263,93;8,849530568;;;2655;7,283775481;;;1799,31;6,528711148;;;;;
;113,78;7,596147082;;;2759,26;7,260876657;;;2016,34;7,419392094;;;1535,38;7,580002399;;;293,93;8,849530568;;;2685;7,263992401;;;1804,31;6,409593073;;;;;
;114,78;7,597470121;;;2760,26;7,258212505;;;2076,34;7,418404112;;;1565,38;7,575502575;;;323,93;8,806361529;;;2715;7,257999417;;;1808,72;#NUM!;;;;;
;115,78;7,598725988;;;2761,26;7,265954891;;;2136,34;7,416559571;;;1595,38;7,582252189;;;353,93;9,051106383;;;2745;7,245601675;;;1809,31;6,483063391;;;;;
;116,78;7,601488025;;;2762,26;7,263431216;;;2196,34;7,418028296;;;1625,38;7,570800393;;;383,93;8,715527506;;;2775;7,235933164;;;1814,31;#NUM!;;;;;
;117,78;7,596802049;;;2763,26;7,266113051;;;2256,34;7,411157893;;;1655,38;7,573364971;;;413,93;8,822503376;;;2805;7,244336753;;;1819,31;6,423746825;;;;;
;118,78;7,595310421;;;2764,26;7,264776523;;;2316,34;7,410108494;;;1685,38;7,574019132;;;443,93;8,586601293;;;2835;7,237365764;;;1824,31;#NUM!;;;;;
;119,78;7,591083561;;;2765,26;7,265336597;;;2376,34;7,415419611;;;1715,38;7,576799688;;;473,93;8,533356411;;;2865;7,215401558;;;1829,31;6,54174814;;;;;
;120,78;7,594502118;;;2766,26;7,270123113;;;2436,34;7,407095489;;;1745,38;7,563088324;;;503,92;8,533356411;;;2895;7,194197509;;;1834,31;6,602476665;;;;;
;121,78;7,589674215;;;2767,26;7,269509735;;;2496,34;7,409933888;;;1775,38;7,559570796;;;533,92;8,764629677;;;2925;7,190092192;;;1839,31;6,590538476;;;;;
;122,78;7,590774737;;;2768,26;7,261734372;;;2556,34;7,402519614;;;1805,38;7,570220095;;;563,92;8,764629677;;;2955;7,185259514;;;1844,31;6,661467984;;;;;
;123,78;7,593014086;;;2769,26;7,263105467;;;2616,34;7,394397387;;;1835,38;7,553920082;;;593,92;8,594069856;;;2985;7,178064754;;;1849,31;6,665983443;;;;;
;124,78;7,592524453;;;2770,26;7,253398934;;;2676,34;7,399240482;;;1865,38;7,545928149;;;623,92;8,613964983;;;3015;7,16603427;;;1854,31;6,647898684;;;;;
;125,78;7,595936885;;;2771,75;7,248413783;;;2736,34;7,3885666;;;1895,38;7,551328027;;;653,92;8,530991911;;;3045;7,146570264;;;1859,31;6,622196735;;;;;
;126,78;7,588186817;;;2772,75;7,258713412;;;2796,34;7,386530853;;;1925,38;7,556927841;;;683,92;8,459189213;;;3075;7,504917068;;;1864,31;6,589532433;;;;;
;127,78;7,586428058;;;2773,75;7,267723278;;;2856,34;7,388833781;;;1955,38;7,543274704;;;713,92;8,385094916;;;3105;7,132584977;;;1869,31;6,630805385;;;;;
;142,78;7,586001023;;;2774,75;7,263087937;;;2916,34;7,376764274;;;1985,38;7,543034214;;;743,92;8,381550352;;;3135;7,113020572;;;1874,31;6,566096526;;;;;
;157,78;7,577799702;;;2775,75;7,265374986;;;2976,34;7,368318174;;;2015,38;7,54425113;;;773,92;8,407522329;;;3165;7,102675774;;;1879,31;#NUM!;;;;;
;172,78;7,571659356;;;2776,75;7,267991788;;;3036,34;7,363873688;;;2045,38;7,54942687;;;803,92;8,346948993;;;3195;7,087616443;;;1882,14;#NUM!;;;;;
;187,78;7,564023825;;;2777,75;7,259630091;;;3096,34;7,358474858;;;2075,38;7,529679538;;;833,92;8,30850391;;;3225;7,067004121;;;1884,31;6,71715181;;;;;
;202,78;7,552634442;;;2778,75;7,262180388;;;3156,34;7,351818763;;;2105,38;7,537947425;;;863,92;8,290082859;;;3255;7,048030475;;;1889,31;6,610315023;;;;;
;217,78;7,554919174;;;2779,75;7,261834237;;;3216,34;7,352511673;;;2135,38;7,528362037;;;893,92;8,298412425;;;3285;7,037645234;;;1894,31;6,529167121;;;;;
;232,78;7,544785149;;;2780,75;7,262704141;;;3276,34;7,348880764;;;2165,38;7,526812159;;;923,92;8,250321544;;;3315;7,0298968;;;1899,31;6,525645839;;;;;
;247,78;7,540504385;;;2781,75;7,261370851;;;3336,34;;;;2195,38;7,538294233;;;953,92;8,28711294;;;3345;7,011770822;;;1904,31;6,492885906;;;;;
;262,78;7,531320765;;;2782,75;7,266378251;;;3389,73;6,965995669;;;2225,38;7,524570372;;;983,92;8,346976266;;;3375;7,007311333;;;1909,31;6,552711222;;;;;
;277,78;7,523902935;;;2783,75;7,263077073;;;3396,04;6,908267579;;;2255,38;7,520496696;;;1013,93;8,301026246;;;3405;7,006725154;;;1914,31;6,508607543;;;;;
;292,78;7,516577935;;;2784,75;7,267028097;;;3397,04;6,869403057;;;2285,38;7,512883733;;;1043,93;8,334400358;;;3435;7,014829709;;;1919,31;#NUM!;;;;;
;412,78;7,496538376;;;2785,75;7,266019189;;;3398,04;6,834006417;;;2315,38;7,517289857;;;1073,93;8,313196666;;;3465;7,005613825;;;1924,31;#NUM!;;;;;
;532,78;7,480912369;;;2786,75;7,262945235;;;3399,04;6,805385469;;;2345,38;7,510301117;;;1103,93;8,263029529;;;3495;6,987525723;;;1929,31;6,590500808;;;;;
;652,78;7,469762108;;;2787,75;7,263135759;;;3400,04;6,780932408;;;2375,38;7,510953452;;;1133,93;8,356031436;;;3525;6,953878149;;;1934,31;6,437577923;;;;;
;772,78;7,462303735;;;2788,75;7,26021303;;;3401,04;6,752324147;;;2405,38;7,513226349;;;1163,93;8,326624507;;;3530,83;;;;1939,31;6,541647924;;;;;
;892,78;7,45408716;;;2789,75;7,255421264;;;3402,04;6,725343978;;;2435,38;7,500032546;;;1193,93;8,343139858;;;3555;6,291639875;;;;;;;;;
;1012,78;7,44679227;;;2790,75;7,256044778;;;3403,04;6,707121004;;;2465,38;7,490695763;;;1223,93;8,343139858;;;3564,89;6,10312293;;;;;;;;;
;1132,78;7,440315812;;;2791,75;7,254127524;;;3404,04;6,691015147;;;2495,38;7,494400128;;;1253,93;8,424415898;;;3569,89;6,010950829;;;;;;;;;
;1252,78;7,435916138;;;2792,75;7,253668628;;;3405,04;6,671309004;;;2525,38;7,490068934;;;1283,93;8,38899812;;;3574,89;5,898587185;;;;;;;;;
;1372,78;7,431591013;;;2793,75;7,25262609;;;3406,04;6,663177179;;;2555,38;7,492318649;;;1313,93;8,324205882;;;3579,89;5,825851202;;;;;;;;;
;1492,78;7,429997367;;;2794,75;7,256022338;;;3407,04;6,645658958;;;2585,38;7,50251038;;;1343,93;8,310411213;;;3584,89;5,761089151;;;;;;;;;
;1612,78;7,426661814;;;2795,75;7,241244348;;;3408,04;6,631555579;;;2615,38;7,488188083;;;1373,93;8,301479915;;;3589,89;5,653756118;;;;;;;;;
;1732,78;7,424323435;;;2796,75;7,240430842;;;3409,04;6,623022343;;;2645,38;7,479269553;;;1403,93;8,290298618;;;3594,89;5,558460187;;;;;;;;;
;1852,78;7,415279407;;;2797,75;7,237737021;;;3410,04;6,616237766;;;2675,38;7,484643657;;;1433,93;8,308190934;;;3599,89;5,453341927;;;;;;;;;
;1972,78;7,41064266;;;2798,75;7,229345897;;;3411,04;6,604117131;;;2705,38;7,488158836;;;1463,93;8,335287578;;;3604,89;5,360568443;;;;;;;;;
;2092,78;7,397003954;;;2799,75;7,229788112;;;3412,04;6,595006006;;;2735,38;7,485689878;;;1493,93;8,300784235;;;3609,89;5,262903633;;;;;;;;;
;2212,78;7,366625523;;;2800,75;7,224754044;;;3413,04;6,575496124;;;2765,38;7,485308491;;;1523,93;8,292126081;;;3614,89;5,203774642;;;;;;;;;
;2332,78;7,331170238;;;2801,75;7,231484257;;;3414,04;6,569981538;;;2795,38;7,479248846;;;1553,93;8,232742923;;;3619,89;5,093665824;;;;;;;;;
;2452,78;7,35413207;;;2802,75;7,223536637;;;3415,04;6,559322997;;;2825,38;7,482708086;;;1583,93;8,281771768;;;3624,89;5,031316495;;;;;;;;;
;2572,78;7,350462491;;;2803,75;7,217878011;;;3416,04;6,554920922;;;2855,38;7,478807396;;;1613,93;8,263495194;;;3629,89;4,742940265;;;;;;;;;
;2692,78;7,342416393;;;2804,75;7,21119396;;;3417,04;6,538105354;;;2885,38;7,476916703;;;1643,93;8,276884827;;;3634,89;;;;;;;;;;
;2812,78;7,318936814;;;2805,75;7,200459902;;;3418,04;6,529370551;;;2915,38;7,476967651;;;1673,93;8,336972614;;;3639,89;4,710219159;;;;;;;;;
;2932,78;7,294218286;;;2806,75;7,197148977;;;3419,04;6,514044215;;;2945,38;7,397407616;;;1703,93;8,263765059;;;3644,89;4,770239645;;;;;;;;;
;3052,78;7,263422768;;;2807,75;7,200462708;;;3420,04;6,503806664;;;2975,38;7,393005628;;;1733,93;8,216814267;;;3649,89;4,782057738;;;;;;;;;
;3160,03;;;;2808,75;7,204404694;;;3421,04;6,485840825;;;3005,38;7,395914269;;;1763,93;8,222186466;;;3654,89;4,676716009;;;;;;;;;
;3172,78;7,198503575;;;2809,75;7,201186977;;;3422,04;6,479805449;;;3035,38;7,395809001;;;1793,93;8,308068592;;;3659,89;7,132584977;;;;;;;;;
;3184,01;7,171134687;;;2810,75;7,199529382;;;3423,04;6,473969534;;;3065,38;7,394938451;;;1823,93;8,308068592;;;3664,89;;;;;;;;;;
;3194,01;7,16599222;;;2811,75;7,200075772;;;3424,04;6,455967142;;;3095,38;7,381276978;;;1853,93;8,257777597;;;3669,89;4,711515802;;;;;;;;;
;3204,01;7,142691156;;;2812,75;7,19658063;;;3425,04;6,456004779;;;3125,38;7,38202655;;;1883,93;8,259461277;;;3674,89;;;;;;;;;;
;3214,01;7,127983737;;;2813,75;7,195350106;;;3426,04;6,430108609;;;3155,38;7,372388405;;;1913,93;8,18504574;;;3679,89;4,788823092;;;;;;;;;
;3224,01;7,147391849;;;2814,75;7,197868369;;;3427,04;6,424908506;;;3185,38;7,355298188;;;1943,93;8,18123417;;;3684,89;4,791547898;;;;;;;;;
;3234,01;7,136740381;;;2815,75;7,18738323;;;3428,04;6,417345555;;;3215,38;7,360639555;;;1973,93;8,085797582;;;3689,89;4,757537808;;;;;;;;;
;3244,01;7,066300615;;;2816,75;7,186119209;;;3429,04;6,418297183;;;3245,38;7,349975684;;;2003,93;8,065428125;;;3691,25;;;;;;;;;;
;3254,01;7,059048281;;;2817,75;7,18452868;;;3430,04;6,394621812;;;3274,24;7,342781461;;;2033,92;8,119119653;;;3694,89;4,919513183;;;;;;;;;
;3264,01;7,056262405;;;2818,75;7,179799317;;;3431,04;6,383716554;;;3276,24;7,275162808;;;2063,92;8,094620329;;;3699,89;4,959476567;;;;;;;;;
;3274,01;7,080148693;;;2819,75;7,176343454;;;3432,04;6,389338971;;;3278,99;7,275162808;;;2093,92;8,091184053;;;3704,89;4,743889977;;;;;;;;;
;3284,01;7,078267374;;;2820,75;7,17782341;;;3433,04;6,350441802;;;3278,99;7,284555094;;;2123,92;8,174864692;;;3709,89;4,833223574;;;;;;;;;
;3294,01;7,083045112;;;2822,27;7,169061635;;;3434,04;6,361285657;;;3280,24;7,27962554;;;2153,92;8,069588209;;;3714,89;4,866192936;;;;;;;;;
;3304,01;7,10318472;;;2823,27;7,172288976;;;3435,04;6,336721563;;;3282,24;7,273147448;;;2183,92;8,049751727;;;3719,89;4,971243461;;;;;;;;;
;3314,72;7,117340274;;;2833,27;7,192086791;;;3436,04;6,336683664;;;3284,24;7,230756814;;;2213,92;7,986720447;;;3724,89;5,084160591;;;;;;;;;
;3324,72;7,106957738;;;2843,27;7,189511744;;;3437,04;6,334943313;;;3286,24;7,107367475;;;2243,92;8,002584201;;;3729,89;5,200828995;;;;;;;;;
;3334,72;7,106998148;;;2853,27;7,190477014;;;3438,04;6,311052037;;;3288,24;7,003457216;;;2273,92;7,936813865;;;3734,89;5,413683528;;;;;;;;;
;3344,72;7,121061573;;;2863,27;7,174071431;;;3439,04;6,307360888;;;3290,24;6,927032416;;;2303,92;7,913806595;;;3739,89;5,680912586;;;;;;;;;
;3354,72;7,112172772;;;2873,27;7,161214228;;;3440,04;6,292889325;;;3292,24;6,873940454;;;2333,92;7,86542203;;;3744,89;5,944488736;;;;;;;;;
;3364,72;7,121529446;;;2883,27;7,162856639;;;3441,04;6,280256644;;;3294,24;6,810160591;;;2363,92;7,854911256;;;3749,89;6,141402839;;;;;;;;;
;3374,72;7,121793475;;;2893,27;7,166154559;;;3442,04;6,294023851;;;3296,24;6,763464303;;;2393,92;7,830364549;;;3754,89;6,289264012;;;;;;;;;
;3384,72;7,124083265;;;2903,27;7,148524581;;;3443,04;6,294023851;;;3298,24;6,719935602;;;2423,92;7,811573209;;;3759,89;6,403797158;;;;;;;;;
;3394,72;7,116495966;;;2913,27;7,118632216;;;3444,04;6,145579777;;;3300,24;6,689681997;;;2453,92;7,825350102;;;3764,89;6,470365341;;;;;;;;;
;3404,72;7,123518182;;;2973,27;7,118632216;;;3445,55;6,233701556;;;3302,24;6,663619468;;;2483,92;7,80586388;;;3769,89;6,5199568;;;;;;;;;
;3414,72;7,129627869;;;3033,27;7,077530494;;;3446,55;6,226647842;;;3304,24;6,625361597;;;2513,92;7,792962302;;;3774,89;6,554359859;;;;;;;;;
;3424,72;7,140135858;;;3045,12;7,059509527;;;3447,55;6,201736174;;;3306,24;6,56868851;;;2543,92;7,768814084;;;3779,89;6,604747679;;;;;;;;;
;3434,72;7,138758144;;;3072,89;7,052947638;;;3448,55;6,240376358;;;3308,24;6,569506203;;;2573,92;7,736255142;;;3784,89;6,627704187;;;;;;;;;
;3444,72;7,153567594;;;3073,89;7,040365408;;;3449,55;6,266490802;;;3310,24;6,541273241;;;2603,92;7,690473041;;;3789,89;6,652937421;;;;;;;;;
;3454,72;7,142757353;;;3074,89;7,032072824;;;3450,55;6,17302969;;;3312,24;6,521683916;;;2633,92;7,650136335;;;3794,89;6,666807259;;;;;;;;;
;3464,72;7,140300927;;;3075,89;7,024794404;;;3451,55;6,195517423;;;3314,24;6,471247287;;;2663,92;7,631571399;;;3799,89;6,67708534;;;;;;;;;
;3474,72;7,161308817;;;3076,89;7,017388305;;;3452,55;6,275575441;;;3316,24;6,449646325;;;2693,92;7,609298667;;;3804,89;6,687693198;;;;;;;;;
;3484,72;7,155979271;;;3077,89;7,006609345;;;3456,31;6,141963518;;;3318,24;6,473066641;;;2723,92;7,598771794;;;3809,89;6,696128089;;;;;;;;;
;3494,72;7,159642747;;;3078,89;7,003509034;;;3457,31;6,130998939;;;3320,24;6,450390766;;;2753,92;7,580367361;;;3814,89;6,705071043;;;;;;;;;
;3504,72;7,158323622;;;3079,89;6,983980166;;;3458,31;6,077687571;;;3322,24;6,438642131;;;2783,92;7,543962487;;;3819,89;6,721128125;;;;;;;;;
;3514,72;7,16276809;;;3080,89;6,955106592;;;3459,31;6,114731812;;;3324,24;6,434960283;;;2813,92;7,544804294;;;3824,89;6,730722449;;;;;;;;;
;3524,72;7,158708266;;;3081,89;6,933109199;;;3460,31;5,997737588;;;3326,24;6,37999105;;;2843,92;7,548330005;;;3829,89;6,734330665;;;;;;;;;
;3534,72;7,16055491;;;3086,89;6,918259867;;;3461,31;6,102109168;;;3328,24;6,421129219;;;2873,92;7,540006095;;;3834,89;6,7442403;;;;;;;;;
;3544,72;7,159451627;;;3091,89;6,897146095;;;3462,31;6,082454601;;;3330,24;6,387481471;;;2903,92;7,529868296;;;3839,89;;;;;;;;;;
;3554,72;7,166505783;;;3096,89;6,878303581;;;3463,31;6,104512741;;;3332,24;6,366276597;;;2933,92;7,540227894;;;3844,89;6,764666336;;;;;;;;;
;3560,73;#NUM!;;;3101,89;6,867529642;;;3464,31;6,048745234;;;3334,24;6,339679192;;;2963,92;7,496583165;;;3849,89;6,76770607;;;;;;;;;
;3564,72;7,174913637;;;3106,89;6,854803978;;;3465,31;6,16089624;;;3336,24;6,291326853;;;2993,92;7,478428505;;;3854,89;6,758053327;;;;;;;;;
;3574,72;7,09007915;;;3111,89;6,841656026;;;3466,31;6,082646412;;;3338,24;6,30979818;;;3023,92;7,436023906;;;3859,89;6,754443503;;;;;;;;;
;3584,72;7,023823723;;;3116,89;6,834814675;;;3467,31;6,043684186;;;3340,24;#NUM!;;;3053,92;7,400585235;;;3864,89;6,774448077;;;;;;;;;
;3594,72;6,978292994;;;3121,89;6,823505981;;;3468,31;5,960464174;;;3342,24;6,258743413;;;3083,92;7,371756302;;;3869,89;6,781378393;;;;;;;;;
;3604,72;6,946874393;;;3126,89;6,813139769;;;3469,31;6,085505311;;;3344,24;6,293714451;;;3113,92;7,335191769;;;3874,89;6,798010973;;;;;;;;;
;3614,72;6,917462073;;;3131,89;6,799895948;;;3470,31;5,980812166;;;3346,24;6,20672308;;;3143,92;7,322467733;;;3879,89;6,799004037;;;;;;;;;
;3624,72;6,888849019;;;3136,89;6,780990748;;;3471,31;6,075806637;;;3348,24;6,24932252;;;3173,92;7,301992619;;;3884,89;6,799511098;;;;;;;;;
;3634,72;6,818754957;;;3141,89;6,770946425;;;3472,31;6,030927257;;;3350,24;6,353844958;;;3203,92;7,291583858;;;3889,89;6,800351581;;;;;;;;;
;3644,72;6,79277118;;;3146,89;6,740845228;;;3473,31;6,030839548;;;3352,24;6,152385655;;;3233,92;7,250550543;;;3894,89;6,810595833;;;;;;;;;
;3654,72;6,762277463;;;3151,89;6,691615632;;;3474,31;#NUM!;;;3354,24;6,238374911;;;3263,92;7,251151303;;;3899,89;6,812478142;;;;;;;;;
;3664,72;6,740815936;;;3166,89;6,683373002;;;3475,31;5,973930152;;;3356,24;6,264607927;;;3293,92;7,243427638;;;3904,89;6,821614837;;;;;;;;;
;3674,72;6,707511622;;;3181,89;6,652917407;;;3476,31;;;;3358,24;6,176813442;;;3323,92;7,24442349;;;3909,89;6,82900667;;;;;;;;;
;3684,72;6,682511082;;;3196,89;6,639283793;;;3477,31;;;;3360,24;6,190492282;;;3353,92;7,229199783;;;3914,89;6,841446606;;;;;;;;;
;3694,72;6,647322393;;;3211,89;6,606886348;;;3478,31;;;;3362,24;6,239506206;;;3383,92;7,222468639;;;3919,89;6,856674048;;;;;;;;;
;3704,72;;;;3226,89;6,592614894;;;3479,31;6,008900206;;;3364,24;6,231547034;;;3413,92;7,200338161;;;3924,89;6,849706449;;;;;;;;;
;3714,72;6,603626072;;;3241,89;6,553863537;;;3480,31;6,285579787;;;3366,24;6,257199138;;;3443,92;7,192779325;;;3929,89;6,875352042;;;;;;;;;
;3724,72;6,573464014;;;3256,89;6,556023513;;;3484,12;6,030561928;;;3368,24;;;;3473,92;7,175687949;;;3934,89;6,865873638;;;;;;;;;
;3737,34;6,544392909;;;3271,89;6,510545396;;;3485,12;6,061769932;;;3370,24;6,125061531;;;3498,26;7,169029401;;;3939,89;6,889107781;;;;;;;;;
;3747,34;6,496214345;;;3286,89;6,531074829;;;3486,12;6,066024049;;;3372,24;6,265062313;;;3499,26;7,150183862;;;3944,89;6,911105605;;;;;;;;;
;3757,34;;;;3301,89;6,379152762;;;3487,12;6,064036298;;;3374,24;6,211874064;;;3500,26;7,147685579;;;3949,89;6,926636405;;;;;;;;;
;3767,34;;;;3316,89;6,467839868;;;3488,12;6,032842886;;;3376,24;6,156014195;;;3501,26;7,146654171;;;3954,89;6,939008547;;;;;;;;;
;3777,34;6,402167909;;;3331,89;6,467841107;;;3489,12;5,996201459;;;3378,24;6,042716753;;;3502,26;7,145950987;;;3959,89;6,951557348;;;;;;;;;
;3787,34;#NUM!;;;3346,89;6,373369844;;;3490,12;#NUM!;;;3380,24;6,169475558;;;3503,26;7,148430346;;;3964,89;6,962726795;;;;;;;;;
;3797,34;#NUM!;;;3361,89;6,428586386;;;3491,12;6,043882184;;;3382,24;6,235617013;;;3504,26;7,148460494;;;3969,89;6,976191257;;;;;;;;;
;;;;;3376,89;6,342510056;;;3492,12;6,082632599;;;3384,24;6,165929241;;;3504,26;7,141667265;;;3974,89;6,983005724;;;;;;;;;
;;;;;;;;;3493,12;6,055639728;;;3386,24;#NUM!;;;3504,26;#NUM!;;;3979,89;6,994095604;;;;;;;;;
;;;;;;;;;3494,12;6,057234682;;;3388,24;6,155263335;;;3504,26;7,142241723;;;3984,89;7,0169892;;;;;;;;;
;;;;;;;;;3495,12;#NUM!;;;3390,24;6,116087326;;;3504,26;7,146425061;;;3989,89;7,024505594;;;;;;;;;
;;;;;;;;;3496,12;6,050255629;;;3392,24;#NUM!;;;3504,26;7,134456212;;;3994,89;7,031883037;;;;;;;;;
;;;;;;;;;3497,12;;;;3394,24;6,129395899;;;3504,26;7,148669283;;;3999,89;7,029742044;;;;;;;;;
;;;;;;;;;3498,12;#DIV/0!;;;3396,33;6,193163041;;;3504,26;7,146491682;;;4004,89;7,065537853;;;;;;;;;
;;;;;;;;;3499,4;6,047973606;;;3398,33;#NUM!;;;3504,26;7,14625751;;;4009,89;7,061537362;;;;;;;;;
;;;;;;;;;3499,4;#NUM!;;;3400,33;6,003367413;;;3504,26;7,144442969;;;4014,89;7,072190273;;;;;;;;;
;;;;;;;;;3500,12;6,147456728;;;3402,33;;;;3504,26;7,138976288;;;4019,89;7,088700765;;;;;;;;;
;;;;;;;;;3501,12;6,146541437;;;3404,33;;;;3504,26;7,138020785;;;4024,89;6,764666336;;;;;;;;;
;;;;;;;;;3502,12;6,19090172;;;3406,33;6,167704189;;;3504,26;7,126247487;;;4029,89;7,103148542;;;;;;;;;
;;;;;;;;;3503,12;6,259830789;;;3408,33;;;;3504,26;7,103817078;;;4034,89;7,117061571;;;;;;;;;
;;;;;;;;;3504,12;6,247669974;;;3410,33;6,166491109;;;3504,26;7,066189129;;;4039,89;7,116632168;;;;;;;;;
;;;;;;;;;3505,12;6,305312742;;;3412,33;6,132330011;;;3504,26;7,037475552;;;4044,89;7,130237387;;;;;;;;;
;;;;;;;;;3506,12;6,343822218;;;3415,53;;;;3504,26;7,013752389;;;4049,89;7,142004613;;;;;;;;;
;;;;;;;;;3507,12;6,374201742;;;3415,53;6,157071756;;;3504,26;6,986966216;;;4054,89;7,15024694;;;;;;;;;
;;;;;;;;;3508,12;6,406388355;;;3416,33;6,179120168;;;3504,26;6,952455936;;;4059,89;7,165494026;;;;;;;;;
;;;;;;;;;3509,12;6,44018217;;;3418,33;6,177099916;;;3504,26;6,926400989;;;4064,89;7,176635765;;;;;;;;;
;;;;;;;;;3510,12;6,477106773;;;3420,33;6,197609149;;;3504,26;6,912608334;;;4069,89;7,176225662;;;;;;;;;
;;;;;;;;;3511,12;6,500011192;;;3422,33;6,183649368;;;3504,26;6,921007096;;;4074,89;7,188957068;;;;;;;;;
;;;;;;;;;3512,12;6,524250179;;;3424,33;6,201523868;;;3504,26;6,956974937;;;4079,89;7,202771434;;;;;;;;;
;;;;;;;;;3513,12;6,556644835;;;3426,33;6,164860299;;;3504,26;6,987302553;;;4084,89;7,211734123;;;;;;;;;
;;;;;;;;;3514,12;6,576330716;;;3428,33;;;;3504,26;7,008573164;;;4089,89;7,227422351;;;;;;;;;
;;;;;;;;;3515,12;6,593474304;;;3430,33;6,109978188;;;3504,26;7,011301879;;;4094,89;7,235325872;;;;;;;;;
;;;;;;;;;3516,12;6,61648966;;;3432,33;6,229797712;;;3504,26;7,000803051;;;4099,89;7,253095946;;;;;;;;;
;;;;;;;;;3517,12;6,633103751;;;3434,33;6,331305862;;;3504,26;6,983543695;;;4104,89;7,262944997;;;;;;;;;
;;;;;;;;;3518,12;6,64544739;;;3436,33;6,296034126;;;3504,26;6,965176545;;;4119,89;7,353176024;;;;;;;;;
;;;;;;;;;3519,12;6,661279762;;;3438,33;6,439233192;;;3504,26;6,950777239;;;4134,89;7,428302642;;;;;;;;;
;;;;;;;;;3520,12;6,671781887;;;3440,33;6,485215157;;;3504,26;6,935631681;;;4149,89;7,520827973;;;;;;;;;
;;;;;;;;;3521,12;6,676449191;;;3442,33;6,531429924;;;3504,26;6,916564047;;;4164,89;;;;;;;;;;
;;;;;;;;;3522,12;6,693241844;;;3444,33;6,595312721;;;3504,26;6,900527404;;;4179,89;;;;;;;;;;
;;;;;;;;;3523,12;6,69837793;;;3446,33;6,649479136;;;3504,26;6,888625503;;;4194,89;7,609162196;;;;;;;;;
;;;;;;;;;3524,12;6,70347756;;;3448,33;6,680432316;;;3504,26;6,871318236;;;4209,89;7,569721889;;;;;;;;;
;;;;;;;;;3525,12;6,714375037;;;3450,33;6,724665903;;;3504,26;6,849754813;;;4224,89;7,581126452;;;;;;;;;
;;;;;;;;;3526,12;6,711554673;;;3452,33;6,752883468;;;3504,26;6,837231024;;;4239,89;7,558643785;;;;;;;;;
;;;;;;;;;3527,12;6,72213865;;;3454,33;6,785997228;;;3504,26;6,826804155;;;4254,89;;;;;;;;;;
;;;;;;;;;3528,12;6,729015723;;;3456,33;6,805399166;;;3504,26;6,817993736;;;;;;;;;;;;;
;;;;;;;;;3529,12;6,7350355;;;3458,33;6,830041925;;;3504,26;6,811764862;;;;;;;;;;;;;
;;;;;;;;;3530,12;6,739454997;;;3460,33;6,861546741;;;3504,26;6,808737249;;;;;;;;;;;;;
;;;;;;;;;3531,12;6,744162414;;;3462,33;6,88775816;;;3504,26;6,808158361;;;;;;;;;;;;;
;;;;;;;;;3532,12;6,747753532;;;3464,33;6,906225372;;;3504,26;6,814299706;;;;;;;;;;;;;
;;;;;;;;;3533,12;6,748699626;;;3466,33;6,930563045;;;3504,26;6,815076903;;;;;;;;;;;;;
;;;;;;;;;3534,12;6,754178367;;;3468,33;6,946666405;;;3504,26;6,827890738;;;;;;;;;;;;;
;;;;;;;;;3535,12;6,75679422;;;3470,33;6,961201968;;;3504,26;6,834524115;;;;;;;;;;;;;
;;;;;;;;;3536,12;6,759587449;;;3472,33;6,981425659;;;3504,26;6,85050218;;;;;;;;;;;;;
;;;;;;;;;3537,12;6,760483364;;;3474,33;6,982939922;;;3504,26;6,860841211;;;;;;;;;;;;;
;;;;;;;;;3538,12;6,766141969;;;3476,33;7,009935773;;;3504,26;6,867264404;;;;;;;;;;;;;
;;;;;;;;;3539,12;6,769180702;;;3478,33;7,033754577;;;3504,26;6,874536809;;;;;;;;;;;;;
;;;;;;;;;3540,12;6,767425755;;;3480,33;7,053609635;;;3504,26;6,882825316;;;;;;;;;;;;;
;;;;;;;;;3541,12;6,771757511;;;3482,33;7,076626484;;;3504,26;6,883189399;;;;;;;;;;;;;
;;;;;;;;;3542,12;6,775290973;;;3484,33;7,089945057;;;3504,26;6,887805477;;;;;;;;;;;;;
;;;;;;;;;3543,12;6,77656965;;;3486,33;7,09528641;;;3504,26;6,887472665;;;;;;;;;;;;;
;;;;;;;;;3544,12;6,780215959;;;3488,33;7,110492746;;;3504,26;6,888391751;;;;;;;;;;;;;
;;;;;;;;;3545,12;6,78311369;;;3490,33;7,110654818;;;3504,26;6,890045516;;;;;;;;;;;;;
;;;;;;;;;3546,12;6,78546641;;;3492,33;7,118716602;;;3504,26;6,884994679;;;;;;;;;;;;;
;;;;;;;;;3547,12;6,787120743;;;3494,33;7,117832121;;;3504,26;6,886399379;;;;;;;;;;;;;
;;;;;;;;;3548,12;6,78891477;;;3496,33;7,117101315;;;3504,26;6,896091562;;;;;;;;;;;;;
;;;;;;;;;3549,12;6,790280167;;;3498,33;7,114288601;;;3504,26;6,921580778;;;;;;;;;;;;;
;;;;;;;;;3550,12;6,790021053;;;3500,33;7,119553846;;;3504,26;6,942287013;;;;;;;;;;;;;
;;;;;;;;;3551,12;6,791859207;;;3502,33;7,127765935;;;3504,26;6,958599885;;;;;;;;;;;;;
;;;;;;;;;3552,12;6,795573362;;;3504,33;7,134266302;;;3504,26;6,960717018;;;;;;;;;;;;;
;;;;;;;;;3553,12;6,795404078;;;3506,33;7,141390464;;;3504,26;6,962508956;;;;;;;;;;;;;
;;;;;;;;;3554,12;6,797792492;;;3508,33;7,139525889;;;3504,26;6,958154635;;;;;;;;;;;;;
;;;;;;;;;3555,12;6,801058728;;;3510,33;7,145320404;;;3504,26;6,945898236;;;;;;;;;;;;;
;;;;;;;;;3556,12;6,800579838;;;3512,33;7,148894365;;;3504,26;6,942560662;;;;;;;;;;;;;
;;;;;;;;;3557,12;6,804953557;;;3514,33;7,150736923;;;3504,26;6,931075389;;;;;;;;;;;;;
;;;;;;;;;3558,12;6,803459483;;;3516,33;7,163491982;;;3504,26;6,915348474;;;;;;;;;;;;;
;;;;;;;;;3559,12;6,806928268;;;3518,33;7,165129589;;;3504,26;6,898700223;;;;;;;;;;;;;
;;;;;;;;;3560,12;6,806031052;;;3520,33;7,1711319;;;3504,26;6,888307344;;;;;;;;;;;;;
;;;;;;;;;3561,12;6,809912724;;;3522,33;7,169543811;;;3504,26;6,876838483;;;;;;;;;;;;;
;;;;;;;;;3562,12;6,810937414;;;3524,33;7,1733064;;;3504,26;6,867723969;;;;;;;;;;;;;
;;;;;;;;;3563,12;6,813895258;;;3526,33;7,17026359;;;3504,26;6,846241753;;;;;;;;;;;;;
;;;;;;;;;3564,12;6,813245062;;;3528,33;7,174752266;;;3504,26;6,812129053;;;;;;;;;;;;;
;;;;;;;;;3565,12;6,815715015;;;3530,33;7,171537907;;;3504,26;6,775952208;;;;;;;;;;;;;
;;;;;;;;;3566,12;6,818189832;;;3532,33;7,168801676;;;3504,26;6,742467669;;;;;;;;;;;;;
;;;;;;;;;3567,12;6,820523965;;;3534,33;7,171763586;;;3504,26;6,71480257;;;;;;;;;;;;;
;;;;;;;;;3568,12;6,822379496;;;3536,33;7,174742666;;;3504,26;6,691403344;;;;;;;;;;;;;
;;;;;;;;;3569,12;6,824575106;;;3538,33;7,179673672;;;3504,26;6,660740273;;;;;;;;;;;;;
;;;;;;;;;3570,12;6,828072034;;;3540,33;7,178204739;;;3504,26;6,623142572;;;;;;;;;;;;;
;;;;;;;;;3571,12;6,829845116;;;3542,33;7,189128557;;;3504,26;6,603120969;;;;;;;;;;;;;
;;;;;;;;;3572,12;6,832431037;;;3544,33;7,192010935;;;3504,26;6,576169958;;;;;;;;;;;;;
;;;;;;;;;3573,12;6,833067327;;;3546,33;7,194193834;;;3504,26;6,550160015;;;;;;;;;;;;;
;;;;;;;;;3574,12;6,833038052;;;3548,33;7,19617345;;;3504,26;6,519088276;;;;;;;;;;;;;
;;;;;;;;;3575,12;6,837539356;;;3550,33;7,200599082;;;3504,26;6,503295694;;;;;;;;;;;;;
;;;;;;;;;3576,12;6,839590369;;;3552,33;7,202580112;;;3504,26;6,489164381;;;;;;;;;;;;;
;;;;;;;;;3577,12;6,840125613;;;3554,33;7,203245674;;;3504,26;6,488157613;;;;;;;;;;;;;
;;;;;;;;;3578,12;6,844380497;;;3556,33;7,208321861;;;3504,26;6,491551558;;;;;;;;;;;;;
;;;;;;;;;3579,12;6,846958959;;;3558,33;7,215850133;;;3504,26;6,489998323;;;;;;;;;;;;;
;;;;;;;;;3580,12;6,847295245;;;3560,33;7,207665507;;;3504,26;6,487222258;;;;;;;;;;;;;
;;;;;;;;;3581,12;6,851567724;;;3562,33;7,207947777;;;3504,26;6,491657387;;;;;;;;;;;;;
;;;;;;;;;3582,12;6,8545253;;;3564,33;7,210887439;;;3504,26;6,48961185;;;;;;;;;;;;;
;;;;;;;;;3583,12;6,853935873;;;3566,33;7,198557388;;;3504,26;6,5004919;;;;;;;;;;;;;
;;;;;;;;;3584,12;6,856735806;;;3568,33;7,204766653;;;3504,26;6,511250791;;;;;;;;;;;;;
;;;;;;;;;3585,12;6,860687831;;;3570,33;7,21273645;;;3504,26;#NUM!;;;;;;;;;;;;;
;;;;;;;;;3586,12;6,862064125;;;3572,33;7,226040485;;;3504,26;6,521429008;;;;;;;;;;;;;
;;;;;;;;;3587,12;6,863771009;;;3574,33;7,226283975;;;3504,26;6,530044721;;;;;;;;;;;;;
;;;;;;;;;3588,12;6,864924198;;;3576,33;7,227160394;;;3504,26;6,543167975;;;;;;;;;;;;;
;;;;;;;;;3589,12;6,870970343;;;3578,33;7,227191069;;;3504,26;6,53477345;;;;;;;;;;;;;
;;;;;;;;;3590,12;6,872946024;;;3580,33;7,225228221;;;3504,26;6,540121226;;;;;;;;;;;;;
;;;;;;;;;3591,12;6,874100966;;;3582,33;7,230958767;;;3504,26;6,540221438;;;;;;;;;;;;;
;;;;;;;;;3592,12;6,876870053;;;3584,33;7,227204675;;;3504,26;6,549720104;;;;;;;;;;;;;
;;;;;;;;;3593,12;6,880955913;;;3586,33;7,234914056;;;3504,26;6,558411247;;;;;;;;;;;;;
;;;;;;;;;3594,12;6,882592425;;;3588,33;7,225088452;;;3504,26;6,565761021;;;;;;;;;;;;;
;;;;;;;;;3595,12;6,885520477;;;3590,33;7,223160961;;;3504,26;6,575354986;;;;;;;;;;;;;
;;;;;;;;;3596,12;6,889320204;;;3592,33;7,213958845;;;3504,26;6,583587526;;;;;;;;;;;;;
;;;;;;;;;3597,12;6,890917955;;;3594,33;7,209042671;;;3504,26;6,587594452;;;;;;;;;;;;;
;;;;;;;;;3598,12;6,893728182;;;3596,33;7,201184833;;;3504,26;6,598476502;;;;;;;;;;;;;
;;;;;;;;;3599,12;6,894957688;;;3598,33;7,210951272;;;3504,26;6,605966407;;;;;;;;;;;;;
;;;;;;;;;3600,12;6,899271438;;;3600,33;7,212668925;;;3504,26;6,612000914;;;;;;;;;;;;;
;;;;;;;;;3601,12;6,903000211;;;3602,33;7,222768348;;;3504,26;6,615434787;;;;;;;;;;;;;
;;;;;;;;;3602,12;6,903764324;;;3604,33;7,231098037;;;3504,26;6,623904672;;;;;;;;;;;;;
;;;;;;;;;3603,12;6,907901467;;;3606,33;7,237297277;;;3504,26;6,623553561;;;;;;;;;;;;;
;;;;;;;;;3604,12;6,910956043;;;3608,33;7,243742014;;;3504,26;6,626540089;;;;;;;;;;;;;
;;;;;;;;;3605,12;6,914312052;;;3610,33;7,240704725;;;3504,26;6,625113185;;;;;;;;;;;;;
;;;;;;;;;3606,12;6,915959672;;;3612,33;7,244849597;;;3504,26;6,625211364;;;;;;;;;;;;;
;;;;;;;;;3607,12;6,917332123;;;3614,33;7,248041179;;;3504,26;6,628308371;;;;;;;;;;;;;
;;;;;;;;;3608,12;6,919860074;;;3616,33;7,243427115;;;3504,26;6,626798276;;;;;;;;;;;;;
;;;;;;;;;3609,12;6,92439325;;;3618,33;7,248809361;;;3504,26;6,623955689;;;;;;;;;;;;;
;;;;;;;;;3610,12;6,927043561;;;3620,33;7,240155931;;;3504,26;6,623723198;;;;;;;;;;;;;
;;;;;;;;;3611,12;6,928507509;;;3622,33;7,240799011;;;3504,26;6,61709624;;;;;;;;;;;;;
;;;;;;;;;3612,12;6,93286257;;;3624,33;7,243309222;;;3504,26;6,618433163;;;;;;;;;;;;;
;;;;;;;;;3613,12;6,936200446;;;3626,33;7,23899013;;;3504,26;6,612664343;;;;;;;;;;;;;
;;;;;;;;;3614,12;6,938417516;;;3628,33;7,240793716;;;3504,26;6,608574418;;;;;;;;;;;;;
;;;;;;;;;3615,12;6,94290045;;;3630,33;7,242066266;;;3504,26;6,60259694;;;;;;;;;;;;;
;;;;;;;;;3616,12;6,944074913;;;3632,33;7,244541726;;;3504,26;6,600031866;;;;;;;;;;;;;
;;;;;;;;;3617,12;6,947229469;;;3634,33;7,238376461;;;3504,26;6,592108473;;;;;;;;;;;;;
;;;;;;;;;3618,12;6,949145991;;;3636,33;7,235786863;;;3504,26;6,585241519;;;;;;;;;;;;;
;;;;;;;;;3619,12;6,953533812;;;3638,33;7,229925005;;;3504,26;6,584181262;;;;;;;;;;;;;
;;;;;;;;;3620,12;6,958728081;;;3640,33;7,220403547;;;3504,26;6,576709262;;;;;;;;;;;;;
;;;;;;;;;3621,12;6,958526871;;;3642,33;7,222330898;;;3504,26;6,568263757;;;;;;;;;;;;;
;;;;;;;;;3622,12;6,961875532;;;3644,33;7,22266814;;;3504,26;6,558063973;;;;;;;;;;;;;
;;;;;;;;;3623,12;6,967157917;;;3646,33;7,218512758;;;3504,26;6,550817074;;;;;;;;;;;;;
;;;;;;;;;3624,12;6,96936317;;;3648,33;7,217594649;;;3504,26;6,544472742;;;;;;;;;;;;;
;;;;;;;;;3625,12;6,970429174;;;3650,33;7,227474506;;;3504,26;6,534118898;;;;;;;;;;;;;
;;;;;;;;;3626,12;6,977117666;;;3652,33;7,237523192;;;3504,26;6,522463761;;;;;;;;;;;;;
;;;;;;;;;3627,12;6,978331162;;;3654,33;7,23568646;;;3504,26;6,51270633;;;;;;;;;;;;;
;;;;;;;;;3628,12;6,980527943;;;3656,33;7,243482222;;;3504,26;6,501890397;;;;;;;;;;;;;
;;;;;;;;;3629,12;6,984403026;;;3658,33;7,2510025;;;3504,26;6,49075433;;;;;;;;;;;;;
;;;;;;;;;3630,12;6,987212689;;;3660,33;7,249447356;;;3504,26;6,47677983;;;;;;;;;;;;;
;;;;;;;;;3631,12;6,990481929;;;3662,33;7,243677589;;;3504,26;6,466615386;;;;;;;;;;;;;
;;;;;;;;;3632,12;6,993661464;;;3664,33;7,233919405;;;3504,26;6,454877786;;;;;;;;;;;;;
;;;;;;;;;3633,12;6,99603065;;;3666,33;7,233162859;;;3504,26;6,442173047;;;;;;;;;;;;;
;;;;;;;;;3634,12;7,001000833;;;3668,33;7,228871424;;;3504,26;6,428921006;;;;;;;;;;;;;
;;;;;;;;;3635,12;7,003777955;;;3670,33;7,226809619;;;3504,26;6,417541861;;;;;;;;;;;;;
;;;;;;;;;3636,12;7,006595503;;;3672,33;7,224341786;;;3504,26;6,399759962;;;;;;;;;;;;;
;;;;;;;;;3637,12;7,010583162;;;3674,33;7,23665406;;;3504,26;6,390118995;;;;;;;;;;;;;
;;;;;;;;;3638,12;7,01288994;;;3676,33;7,230653179;;;3504,26;6,373770859;;;;;;;;;;;;;
;;;;;;;;;3639,12;7,016770644;;;3678,33;7,233213626;;;3504,26;6,359043576;;;;;;;;;;;;;
;;;;;;;;;3640,12;7,019655446;;;3680,33;7,230066328;;;3504,26;6,34006765;;;;;;;;;;;;;
;;;;;;;;;3641,12;7,022848168;;;3682,33;7,228315265;;;3504,26;6,325250077;;;;;;;;;;;;;
;;;;;;;;;3642,12;7,025373758;;;3684,33;7,230199946;;;3504,26;6,312248826;;;;;;;;;;;;;
;;;;;;;;;3643,12;7,02895952;;;3686,33;7,227479811;;;3504,26;6,289136072;;;;;;;;;;;;;
;;;;;;;;;3644,12;7,031164527;;;3688,33;7,223493353;;;3504,26;6,271071743;;;;;;;;;;;;;
;;;;;;;;;3645,12;7,035676255;;;3690,33;7,21842606;;;3504,26;6,251921236;;;;;;;;;;;;;
;;;;;;;;;3646,12;7,039140546;;;3692,33;7,213397105;;;3504,26;6,229856241;;;;;;;;;;;;;
;;;;;;;;;3647,12;7,042447318;;;3694,33;7,214938564;;;3504,26;6,209817692;;;;;;;;;;;;;
;;;;;;;;;3648,12;7,044128884;;;3696,33;7,218013289;;;3504,26;6,189908349;;;;;;;;;;;;;
;;;;;;;;;3649,12;7,048221631;;;3698,33;7,224289255;;;3504,26;6,168983587;;;;;;;;;;;;;
;;;;;;;;;3650,12;7,051400234;;;3700,33;7,222266038;;;3504,26;6,144708991;;;;;;;;;;;;;
;;;;;;;;;3651,12;7,055523539;;;3702,33;7,228606816;;;3504,26;6,128060392;;;;;;;;;;;;;
;;;;;;;;;3652,12;7,059861067;;;3704,33;7,229872667;;;3504,26;6,112121948;;;;;;;;;;;;;
;;;;;;;;;3653,12;7,061478743;;;3706,33;7,243051847;;;3504,26;6,084389122;;;;;;;;;;;;;
;;;;;;;;;3654,12;7,065595341;;;3708,33;7,245289003;;;3504,26;6,062144661;;;;;;;;;;;;;
;;;;;;;;;3655,12;7,06801249;;;3710,33;7,249248471;;;3504,26;6,03970829;;;;;;;;;;;;;
;;;;;;;;;3656,12;7,071293729;;;3712,33;7,250182447;;;3504,26;6,024229964;;;;;;;;;;;;;
;;;;;;;;;3657,12;7,07418226;;;3714,33;7,25628427;;;3504,26;6,007866452;;;;;;;;;;;;;
;;;;;;;;;3658,12;7,075776405;;;3716,33;7,264935248;;;3504,26;5,983432732;;;;;;;;;;;;;
;;;;;;;;;3659,12;7,080564591;;;3718,33;7,262857155;;;3504,26;5,956756233;;;;;;;;;;;;;
;;;;;;;;;3660,12;7,085007064;;;3720,33;7,261603736;;;3504,26;5,941105143;;;;;;;;;;;;;
;;;;;;;;;3661,12;7,086658806;;;3722,33;7,263200876;;;3504,26;5,916808865;;;;;;;;;;;;;
;;;;;;;;;3662,12;7,090600642;;;3724,33;7,265064623;;;3504,26;5,900062964;;;;;;;;;;;;;
;;;;;;;;;3663,12;7,094024982;;;3726,33;7,263829502;;;3504,26;5,86589639;;;;;;;;;;;;;
;;;;;;;;;3664,12;7,096908393;;;3728,33;7,264447824;;;3504,26;5,799790665;;;;;;;;;;;;;
;;;;;;;;;3665,12;7,100882855;;;3730,33;7,263477139;;;3504,26;5,739500828;;;;;;;;;;;;;
;;;;;;;;;3666,12;7,101983331;;;3732,33;7,259492565;;;3504,26;5,66389105;;;;;;;;;;;;;
;;;;;;;;;3667,12;7,105574201;;;3734,33;7,248902216;;;3504,26;5,573026006;;;;;;;;;;;;;
;;;;;;;;;3668,12;7,108205547;;;3736,33;7,249408242;;;3504,26;5,495270506;;;;;;;;;;;;;
;;;;;;;;;3669,12;7,111747273;;;3738,33;7,235707394;;;3504,26;5,410201474;;;;;;;;;;;;;
;;;;;;;;;3670,12;7,116841202;;;3740,33;7,233919351;;;3504,26;5,325593205;;;;;;;;;;;;;
;;;;;;;;;3671,12;7,119395165;;;3742,33;7,223659448;;;3504,26;5,279352711;;;;;;;;;;;;;
;;;;;;;;;3672,12;7,121779447;;;3744,33;7,224522233;;;3504,26;5,188883799;;;;;;;;;;;;;
;;;;;;;;;3673,12;7,126891223;;;3746,33;7,222459634;;;3504,26;5,087526097;;;;;;;;;;;;;
;;;;;;;;;3674,12;7,128641684;;;3748,33;7,220236754;;;3504,26;5,03387991;;;;;;;;;;;;;
;;;;;;;;;3675,12;7,131503697;;;3750,33;7,211601953;;;3504,26;4,901816653;;;;;;;;;;;;;
;;;;;;;;;3676,12;7,13412415;;;3752,33;7,201222411;;;3504,26;4,833990315;;;;;;;;;;;;;
;;;;;;;;;3677,12;7,138379033;;;3754,33;7,192881697;;;3504,26;4,592447542;;;;;;;;;;;;;
;;;;;;;;;3678,12;7,139301293;;;;;;;3504,26;;;;;;;;;;;;;;
;;;;;;;;;3679,12;7,14445919;;;;;;;3504,26;4,525934713;;;;;;;;;;;;;
;;;;;;;;;3680,12;7,145528215;;;;;;;3504,26;4,33517721;;;;;;;;;;;;;
;;;;;;;;;3681,12;7,139545514;;;;;;;3504,26;4,363725743;;;;;;;;;;;;;
;;;;;;;;;3682,12;7,185722307;;;;;;;;;;;;;;;;;;;;;
;;;;;;;;;3692,12;7,216585397;;;;;;;;;;;;;;;;;;;;;
;;;;;;;;;3702,12;7,241585255;;;;;;;;;;;;;;;;;;;;;
;;;;;;;;;3712,12;7,270073506;;;;;;;;;;;;;;;;;;;;;
;;;;;;;;;3722,12;7,29780264;;;;;;;;;;;;;;;;;;;;;
;;;;;;;;;3732,12;7,322500521;;;;;;;;;;;;;;;;;;;;;
;;;;;;;;;3742,12;7,342529588;;;;;;;;;;;;;;;;;;;;;
;;;;;;;;;3752,12;7,36495546;;;;;;;;;;;;;;;;;;;;;
;;;;;;;;;3762,12;7,380088448;;;;;;;;;;;;;;;;;;;;;
;;;;;;;;;3772,12;7,405527564;;;;;;;;;;;;;;;;;;;;;
;;;;;;;;;3782,12;7,422543325;;;;;;;;;;;;;;;;;;;;;
;;;;;;;;;3792,12;7,443149345;;;;;;;;;;;;;;;;;;;;;
;;;;;;;;;3802,12;7,46632787;;;;;;;;;;;;;;;;;;;;;
;;;;;;;;;3812,12;7,471846423;;;;;;;;;;;;;;;;;;;;;
;;;;;;;;;3822,12;7,48571185;;;;;;;;;;;;;;;;;;;;;
;;;;;;;;;3832,12;7,508443694;;;;;;;;;;;;;;;;;;;;;
;;;;;;;;;3842,12;7,530721855;;;;;;;;;;;;;;;;;;;;;
;;;;;;;;;3852,12;7,543863544;;;;;;;;;;;;;;;;;;;;;
;;;;;;;;;3862,12;7,573848282;;;;;;;;;;;;;;;;;;;;;
;;;;;;;;;3872,12;7,580109286;;;;;;;;;;;;;;;;;;;;;
;;;;;;;;;3882,12;7,632062671;;;;;;;;;;;;;;;;;;;;;
;;;;;;;;;3892,12;7,625587399;;;;;;;;;;;;;;;;;;;;;
;;;;;;;;;3902,12;;;;;;;;;;;;;;;;;;;;;;
;;;;;;;;;3912,12;7,712152346;;;;;;;;;;;;;;;;;;;;;
;;;;;;;;;3922,12;;;;;;;;;;;;;;;;;;;;;;
;;;;;;;;;3932,12;;;;;;;;;;;;;;;;;;;;;;
